{
  "generated": "2025-12-11T19:26:19.464756",
  "description": "Province-level aggregated climate data",
  "source_data": {
    "ERA5": "Temperature (tmin, tmax) and Precipitation",
    "CRU": "Sunshine hours"
  },
  "total_provinces": 4596,
  "months_processed": 12,
  "variables": {
    "tmin_mean": "Average minimum temperature (\u00b0C)",
    "tmax_mean": "Average maximum temperature (\u00b0C)",
    "temp_avg": "Average temperature (\u00b0C)",
    "prec_mean": "Average precipitation (mm/day)",
    "sunhours_mean": "Average sunshine hours (hours/day)",
    "overall_score": "Composite weather score (0-1, higher is better)"
  },
  "month_stats": [
    {
      "month": 1,
      "province_count": 4596,
      "file_size_mb": 56.76,
      "variables": {
        "tmin": {
          "min": -39.95447603496302,
          "max": 25.25378497753268,
          "mean": 7.398260046759734
        },
        "tmax": {
          "min": -29.954476635289602,
          "max": 35.253784977532675,
          "mean": 17.398260061768802
        },
        "prec": {
          "min": 0.0,
          "max": 23.992279052734375,
          "mean": 2.7624880679414643
        },
        "sunhours": {
          "min": 0.0,
          "max": 11.304726674426934,
          "mean": 4.845929307545413
        }
      }
    },
    {
      "month": 2,
      "province_count": 4596,
      "file_size_mb": 56.76,
      "variables": {
        "tmin": {
          "min": -37.534114276082924,
          "max": 26.488345693210658,
          "mean": 8.693134608934978
        },
        "tmax": {
          "min": -27.534114276082924,
          "max": 36.48834569321066,
          "mean": 18.6931345689662
        },
        "prec": {
          "min": 0.0,
          "max": 28.615270124162947,
          "mean": 2.583181280161267
        },
        "sunhours": {
          "min": 0.0005772315961424656,
          "max": 10.29473248650046,
          "mean": 5.389481278631803
        }
      }
    },
    {
      "month": 3,
      "province_count": 4596,
      "file_size_mb": 56.76,
      "variables": {
        "tmin": {
          "min": -42.60300736845263,
          "max": 28.89710115131579,
          "mean": 10.372130363744839
        },
        "tmax": {
          "min": -32.6030068685576,
          "max": 38.897099866365124,
          "mean": 20.372130367179217
        },
        "prec": {
          "min": 0.0,
          "max": 25.353268432617188,
          "mean": 2.708043835053233
        },
        "sunhours": {
          "min": 1.4568714728722205,
          "max": 10.060152981171548,
          "mean": 5.901304956451671
        }
      }
    },
    {
      "month": 4,
      "province_count": 4596,
      "file_size_mb": 56.76,
      "variables": {
        "tmin": {
          "min": -46.75080133172034,
          "max": 30.647321428571427,
          "mean": 12.578334691841286
        },
        "tmax": {
          "min": -36.750802331510386,
          "max": 40.64732142857143,
          "mean": 22.578334759484406
        },
        "prec": {
          "min": 0.00011141937558013615,
          "max": 28.510315704345704,
          "mean": 2.8954889066112983
        },
        "sunhours": {
          "min": 1.2256796176616962,
          "max": 10.943309161679965,
          "mean": 6.659144504516724
        }
      }
    },
    {
      "month": 5,
      "province_count": 4596,
      "file_size_mb": 56.76,
      "variables": {
        "tmin": {
          "min": -47.59871726937343,
          "max": 32.01064453125,
          "mean": 14.939749447668323
        },
        "tmax": {
          "min": -37.59871826916347,
          "max": 42.010646275111604,
          "mean": 24.939749473128686
        },
        "prec": {
          "min": 0.002193450927734375,
          "max": 34.444077555338545,
          "mean": 3.4128697787358595
        },
        "sunhours": {
          "min": 0.9105483889579773,
          "max": 12.06075119126773,
          "mean": 7.326025425542136
        }
      }
    },
    {
      "month": 6,
      "province_count": 4596,
      "file_size_mb": 56.76,
      "variables": {
        "tmin": {
          "min": -47.93829795742894,
          "max": 33.39510532924107,
          "mean": 17.186327925374517
        },
        "tmax": {
          "min": -37.93829445816378,
          "max": 43.39510532924107,
          "mean": 27.186327933157525
        },
        "prec": {
          "min": 0.0,
          "max": 36.66721954345703,
          "mean": 3.6781777295594305
        },
        "sunhours": {
          "min": 0.5757672190666199,
          "max": 13.878033447265626,
          "mean": 7.579703669567816
        }
      }
    },
    {
      "month": 7,
      "province_count": 4596,
      "file_size_mb": 56.76,
      "variables": {
        "tmin": {
          "min": -48.870472200837824,
          "max": 35.40434361049107,
          "mean": 18.13218610748598
        },
        "tmax": {
          "min": -38.87047020125773,
          "max": 45.40434361049107,
          "mean": 28.132186051651537
        },
        "prec": {
          "min": 0.0,
          "max": 41.294732666015626,
          "mean": 3.7899242868370715
        },
        "sunhours": {
          "min": 0.7456284761428833,
          "max": 13.884745279947916,
          "mean": 7.669380083417207
        }
      }
    },
    {
      "month": 8,
      "province_count": 4596,
      "file_size_mb": 56.76,
      "variables": {
        "tmin": {
          "min": -49.79904420071785,
          "max": 34.596044921875,
          "mean": 18.045801909337793
        },
        "tmax": {
          "min": -39.79904120134772,
          "max": 44.596044921875,
          "mean": 28.04580175344696
        },
        "prec": {
          "min": 0.0,
          "max": 37.99238128662109,
          "mean": 3.843626931596319
        },
        "sunhours": {
          "min": 1.313200831413269,
          "max": 12.93024658203125,
          "mean": 7.309116967618375
        }
      }
    },
    {
      "month": 9,
      "province_count": 4596,
      "file_size_mb": 56.76,
      "variables": {
        "tmin": {
          "min": -48.390706951540174,
          "max": 30.8704296875,
          "mean": 16.191906061070732
        },
        "tmax": {
          "min": -38.39070795133022,
          "max": 40.87042968749999,
          "mean": 26.19190613120608
        },
        "prec": {
          "min": 0.0,
          "max": 33.570448811848955,
          "mean": 4.012928983673263
        },
        "sunhours": {
          "min": 1.7331180572509766,
          "max": 11.967806983540076,
          "mean": 6.573187610290585
        }
      }
    },
    {
      "month": 10,
      "province_count": 4596,
      "file_size_mb": 56.76,
      "variables": {
        "tmin": {
          "min": -43.88119094990052,
          "max": 28.363625976562503,
          "mean": 13.669634750648978
        },
        "tmax": {
          "min": -33.88118945021545,
          "max": 38.3636259765625,
          "mean": 23.66963481192595
        },
        "prec": {
          "min": 0.0,
          "max": 30.452254394531252,
          "mean": 3.7840918565156954
        },
        "sunhours": {
          "min": 0.5771646385368664,
          "max": 10.443366555606618,
          "mean": 5.86872737467665
        }
      }
    },
    {
      "month": 11,
      "province_count": 4596,
      "file_size_mb": 56.76,
      "variables": {
        "tmin": {
          "min": -34.554356085222096,
          "max": 26.891146511501734,
          "mean": 10.598842604109679
        },
        "tmax": {
          "min": -24.55435708501215,
          "max": 36.89114651150173,
          "mean": 20.598842579233462
        },
        "prec": {
          "min": 0.0,
          "max": 29.469585418701172,
          "mean": 3.356714292691069
        },
        "sunhours": {
          "min": 0.0,
          "max": 11.135745632164904,
          "mean": 5.123835173924931
        }
      }
    },
    {
      "month": 12,